"Class","SubClass","Category","Day1","Day19"
"NL","DG","S0_S0","   0.00000 ±  0.00000*** (-0.13313)","   0.00000 ±  0.00000*** (-0.17581)"
"NL","DG","S0_M0","   0.00000 ±  0.00000*** (-0.77865)","   0.00000 ±  0.00000*** (-0.91039)"
"NL","DG","S0_M1","   0.00000 ±  0.00000*** (-3.76726)","   0.00000 ±  0.00000*** (-3.54261)"
"NL","DG","S0_MX","   0.00000 ±  0.00000*** (-1.54579)","   0.00000 ±  0.00000*** (-2.15498)"
"NL","DG","S0_L0","   0.00000 ±  0.00000*** (-0.67328)","   0.00000 ±  0.00000*** (-0.54928)"
"NL","DG","S0_LX","  27.40658 ± 10.83693 (7.03125)","   9.56093 ±  1.29507*** (7.50889)"
"NL","DG","M0_M0","   0.00000 ±  0.00000*** (-1.13849)","   0.00000 ±  0.00000*** (-1.17855)"
"NL","DG","M0_M1","   0.07728 ±  0.07335*** (-10.16518)","   0.73610 ±  0.28253 (-2.42051)"
"NL","DG","M0_MX","   4.53254 ±  1.51406 (15.96832)","   2.68136 ±  0.81380 (9.3811)"
"NL","DG","M0_L0","   0.00000 ±  0.00000*** (-1.96887)","   0.00000 ±  0.00000*** (-1.42215)"
"NL","DG","M0_LX","   0.00000 ±  0.00000*** (-0.77865)","   0.00000 ±  0.00000*** (-2.27093)"
"NL","DG","M1_M1","   1.26611 ±  0.19239 (7.09185)","   0.63514 ±  0.17630 (-6.51122)"
"NL","DG","M1_MX","   0.75261 ±  0.22450 (-5.41051)","   1.35576 ±  0.13987 (7.72396)"
"NL","DG","M1_L0","   1.93709 ±  0.27194** (8.92653)","   2.36718 ±  0.27162*** (7.566)"
"NL","DG","M1_LX","   0.00000 ±  0.00000*** (-3.76726)","   1.41820 ±  0.68250 (3.6956)"
"NL","DG","MX_MX","   0.60357 ±  0.52657 (-1.77878)","   0.52993 ±  0.07201*** (-3.10412)"
"NL","DG","MX_L0","   0.00000 ±  0.00000*** (-3.90866)","   0.00000 ±  0.00000*** (-3.36635)"
"NL","DG","MX_LX","   0.00000 ±  0.00000*** (-1.54579)","   0.00000 ±  0.00000*** (-5.37548)"
"NL","DG","L0_L0","   0.00000 ±  0.00000*** (-0.85122)","   0.00000 ±  0.00000*** (-0.42903)"
"NL","DG","L0_LX","   0.00000 ±  0.00000*** (-0.67328)","   0.00000 ±  0.00000*** (-1.37016)"
"NL","DG","LX_LX","   0.00000 ±  0.00000*** (-0.13313)","   0.00000 ±  0.00000*** (-1.09396)"
"NL","TG","S0_S0_S0","   0.00000 ±  0.00000*** (-0.02607)","   0.00000 ±  0.00000*** (-0.05433)"
"NL","TG","S0_S0_S1","  25.35896 ±  7.40783~ (0.5068)","  51.11366 ± 10.95296*** (0.42949)"
"NL","TG","S0_S0_SX","   0.35584 ±  0.07174*** (-0.03446)","   5.47102 ±  2.14708 (0.02898)"
"NL","TG","S0_S0_M0","   0.33523 ±  0.05782*** (-0.27449)","   0.70710 ±  0.07605** (-0.25138)"
"NL","TG","S0_S0_M1","   0.06415 ±  0.02590*** (-0.43292)","   0.18790 ±  0.08924*** (-0.59814)"
"NL","TG","S0_S0_MX","   0.00000 ±  0.00000*** (-0.13858)","   0.00000 ±  0.00000*** (-0.16673)"
"NL","TG","S0_S0_L0","   0.00000 ±  0.00000*** (-0.04676)","   0.00000 ±  0.00000*** (-0.03846)"
"NL","TG","S0_S0_L1","   0.00000 ±  0.00000*** (-0.00311)","   0.00000 ±  0.00000*** (-0.01809)"
"NL","TG","S0_S0_LX","   3.09861 ±  1.20512 (0.01651)","   0.12531 ±  0.05325*** (-0.00129)"
"NL","TG","S0_S1_S1","   0.00000 ±  0.00000*** (-0.00553)","   0.00000 ±  0.00000*** (-0.00045)"
"NL","TG","S0_S1_SX","   0.00000 ±  0.00000*** (-0.02846)","   0.00000 ±  0.00000*** (-0.00068)"
"NL","TG","S0_S1_M0","   0.37732 ±  0.09797*** (-0.13678)","   3.55114 ±  0.89447 (0.23024)"
"NL","TG","S0_S1_M1","   0.09415 ±  0.02033*** (-0.22294)","   1.51035 ±  0.18658 (0.03953)"
"NL","TG","S0_S1_MX","   2.90979 ±  0.61087 (0.1408)","   1.92737 ±  0.63173 (0.01626)"
"NL","TG","S0_S1_L0","   1.48571 ±  0.95861 (0.01208)","  29.97119 ± 11.77950 (0.11717)"
"NL","TG","S0_S1_L1","   0.00000 ±  0.00000*** (-0.00166)","   0.00000 ±  0.00000*** (-0.0019)"
"NL","TG","S0_S1_LX","   0.00000 ±  0.00000*** (-0.00419)","   0.00000 ±  0.00000*** (-0.00016)"
"NL","TG","S0_SX_SX","   2.15313 ±  0.37497 (0.04218)","   5.69543 ±  1.38920~ (0.00121)"
"NL","TG","S0_SX_M0","   0.16197 ±  0.04822*** (-0.47327)","   1.25104 ±  0.68231 (0.01714)"
"NL","TG","S0_SX_M1","   0.00000 ±  0.00000*** (-0.63271)","   0.00000 ±  0.00000*** (-0.05857)"
"NL","TG","S0_SX_MX","   0.01024 ±  0.01024*** (-0.1876)","   0.00000 ±  0.00000*** (-0.01326)"
"NL","TG","S0_SX_L0","   0.00725 ±  0.00725*** (-0.06349)","   0.00000 ±  0.00000*** (-0.00306)"
"NL","TG","S0_SX_L1","   0.00000 ±  0.00000*** (-0.00426)","   0.00000 ±  0.00000*** (-0.00144)"
"NL","TG","S0_SX_LX","  12.87229 ±  2.23090*** (0.12776)"," 181.75578 ± 20.14453*** (0.02126)"
"NL","TG","S0_M0_M0","   0.20565 ±  0.02664*** (-1.73148)","   0.24346 ±  0.02549*** (-3.41856)"
"NL","TG","S0_M0_M1","   1.36755 ±  0.23209 (1.79519)","   1.48455 ±  0.13410* (3.75808)"
"NL","TG","S0_M0_MX","   3.02463 ±  0.32374*** (2.9623)","   2.95174 ±  0.49228** (3.42677)"
"NL","TG","S0_M0_L0","   0.00000 ±  0.00000*** (-0.49369)","   0.00000 ±  0.00000*** (-0.40498)"
"NL","TG","S0_M0_L1","   0.00000 ±  0.00000*** (-0.03289)","   0.00000 ±  0.00000*** (-0.19048)"
"NL","TG","S0_M0_LX","   1.59825 ±  0.45288 (0.0497)","   0.09504 ±  0.02612*** (-0.01409)"
"NL","TG","S0_M1_M1","   1.40469 ±  0.19574 (1.10723)","   0.89922 ±  0.08590 (-0.3354)"
"NL","TG","S0_M1_MX","   0.37850 ±  0.04704*** (-1.01878)","   0.29608 ±  0.03107*** (-1.06065)"
"NL","TG","S0_M1_L0","   0.02130 ±  0.01460*** (-0.54133)","   0.00000 ±  0.00000*** (-0.34755)"
"NL","TG","S0_M1_L1","   0.00000 ±  0.00000*** (-0.03684)","   0.00000 ±  0.00000*** (-0.16347)"
"NL","TG","S0_M1_LX","   0.00000 ±  0.00000*** (-0.09307)","   0.00000 ±  0.00000*** (-0.01337)"
"NL","TG","S0_MX_MX","   3.43937 ±  0.45824*** (0.59894)","   0.60787 ±  0.04505*** (-0.06688)"
"NL","TG","S0_MX_L0","   0.07358 ±  0.01644*** (-0.1535)","   0.01118 ±  0.00305*** (-0.0778)"
"NL","TG","S0_MX_L1","   0.00000 ±  0.00000*** (-0.01104)","   0.00000 ±  0.00000*** (-0.03701)"
"NL","TG","S0_MX_LX","   0.00000 ±  0.00000*** (-0.02788)","   0.00000 ±  0.00000*** (-0.00303)"
"NL","TG","S0_L0_L0","   0.00000 ±  0.00000*** (-0.02795)","   0.00000 ±  0.00000*** (-0.00907)"
"NL","TG","S0_L0_L1","   0.00000 ±  0.00000*** (-0.00372)","   0.00000 ±  0.00000*** (-0.00854)"
"NL","TG","S0_L0_LX","   0.00000 ±  0.00000*** (-0.00941)","   0.00000 ±  0.00000*** (-7e-04)"
"NL","TG","S0_L1_L1","   0.00000 ±  0.00000*** (-0.00012)","   0.00000 ±  0.00000*** (-0.00201)"
"NL","TG","S0_L1_LX","   0.00000 ±  0.00000*** (-0.00063)","   0.00000 ±  0.00000*** (-0.00033)"
"NL","TG","S0_LX_LX","   0.00000 ±  0.00000*** (-0.00079)","   0.00000 ±  0.00000*** (-1e-05)"
"NL","TG","S1_S1_S1","   0.00000 ±  0.00000*** (-0.00049)","   0.00000 ±  0.00000*** (-1e-05)"
"NL","TG","S1_S1_SX","   0.00000 ±  0.00000*** (-0.00379)","   0.00000 ±  0.00000*** (-2e-05)"
"NL","TG","S1_S1_M0","   0.00000 ±  0.00000*** (-0.02922)","   0.00000 ±  0.00000*** (-0.00237)"
"NL","TG","S1_S1_M1","   0.00000 ±  0.00000*** (-0.03274)","   0.00000 ±  0.00000*** (-0.00204)"
"NL","TG","S1_S1_MX","   0.00000 ±  0.00000*** (-0.00981)","   0.00000 ±  0.00000*** (-0.00046)"
"NL","TG","S1_S1_L0","   0.00000 ±  0.00000*** (-0.00331)","   0.00000 ±  0.00000*** (-0.00011)"
"NL","TG","S1_S1_L1","   0.00000 ±  0.00000*** (-0.00022)","   0.00000 ±  0.00000*** (-5e-05)"
"NL","TG","S1_S1_LX","   0.00000 ±  0.00000*** (-0.00056)","   0.00000 ±  0.00000*** (0)"
"NL","TG","S1_SX_SX","   0.00000 ±  0.00000*** (-0.00973)","   0.00000 ±  0.00000*** (-1e-05)"
"NL","TG","S1_SX_M0","   3.28295 ±  0.88670 (0.34297)","   0.69191 ±  0.39223 (-0.00111)"
"NL","TG","S1_SX_M1","   6.29731 ±  0.92097*** (0.8916)","   2.01995 ±  0.35246 (0.00314)"
"NL","TG","S1_SX_MX","   0.00000 ±  0.00000*** (-0.05042)","   0.00000 ±  0.00000*** (-7e-04)"
"NL","TG","S1_SX_L0","   0.00000 ±  0.00000*** (-0.01701)","   0.00000 ±  0.00000*** (-0.00016)"
"NL","TG","S1_SX_L1","   0.00000 ±  0.00000*** (-0.00113)","   0.00000 ±  0.00000*** (-8e-05)"
"NL","TG","S1_SX_LX","   0.55796 ±  0.22582 (-0.00126)","   0.00000 ±  0.00000*** (-1e-05)"
"NL","TG","S1_M0_M0","   0.00000 ±  0.00000*** (-0.57985)","   0.00000 ±  0.00000*** (-0.23759)"
"NL","TG","S1_M0_M1","   0.87067 ±  0.15583 (-0.16804)","   0.39448 ±  0.03716*** (-0.24692)"
"NL","TG","S1_M0_MX","   2.93782 ±  0.84015 (0.75423)","   0.50734 ±  0.09653*** (-0.04549)"
"NL","TG","S1_M0_L0","   0.00000 ±  0.00000*** (-0.13133)","   0.00000 ±  0.00000*** (-0.02129)"
"NL","TG","S1_M0_L1","   0.00000 ±  0.00000*** (-0.00875)","   0.00000 ±  0.00000*** (-0.01002)"
"NL","TG","S1_M0_LX","   0.00000 ±  0.00000*** (-0.0221)","   0.00000 ±  0.00000*** (-0.00082)"
"NL","TG","S1_M1_M1","   0.00158 ±  0.00104*** (-0.72667)","   0.17636 ±  0.05888*** (-0.14412)"
"NL","TG","S1_M1_MX","   0.87710 ±  0.27329 (-0.05359)","   0.11779 ±  0.02222*** (-0.06989)"
"NL","TG","S1_M1_L0","   0.00000 ±  0.00000*** (-0.14714)","   0.00000 ±  0.00000*** (-0.01827)"
"NL","TG","S1_M1_L1","   0.00000 ±  0.00000*** (-0.0098)","   0.00000 ±  0.00000*** (-0.0086)"
"NL","TG","S1_M1_LX","   0.00000 ±  0.00000*** (-0.02476)","   0.00000 ±  0.00000*** (-7e-04)"
"NL","TG","S1_MX_MX","   0.00000 ±  0.00000*** (-0.06532)","   0.00000 ±  0.00000*** (-0.00897)"
"NL","TG","S1_MX_L0","   0.00000 ±  0.00000*** (-0.04408)","   0.00000 ±  0.00000*** (-0.00414)"
"NL","TG","S1_MX_L1","   0.00000 ±  0.00000*** (-0.00294)","   0.00000 ±  0.00000*** (-0.00195)"
"NL","TG","S1_MX_LX","   0.00000 ±  0.00000*** (-0.00742)","   0.00000 ±  0.00000*** (-0.00016)"
"NL","TG","S1_L0_L0","   0.00000 ±  0.00000*** (-0.00744)","   0.00000 ±  0.00000*** (-0.00048)"
"NL","TG","S1_L0_L1","   0.00000 ±  0.00000*** (-0.00099)","   0.00000 ±  0.00000*** (-0.00045)"
"NL","TG","S1_L0_LX","   0.00000 ±  0.00000*** (-0.0025)","   0.00000 ±  0.00000*** (-4e-05)"
"NL","TG","S1_L1_L1","   0.00000 ±  0.00000*** (-3e-05)","   0.00000 ±  0.00000*** (-0.00011)"
"NL","TG","S1_L1_LX","   0.00000 ±  0.00000*** (-0.00017)","   0.00000 ±  0.00000*** (-2e-05)"
"NL","TG","S1_LX_LX","   0.00000 ±  0.00000*** (-0.00021)","   0.00000 ±  0.00000*** (0)"
"NL","TG","SX_SX_SX","   0.00000 ±  0.00000*** (-0.00834)","   0.00000 ±  0.00000*** (0)"
"NL","TG","SX_SX_M0","  10.87781 ±  2.37592** (1.90749)","  61.01902 ±  9.27497*** (0.08144)"
"NL","TG","SX_SX_M1","   8.13766 ±  1.18524*** (1.54423)","  31.20618 ±  2.92511*** (0.03518)"
"NL","TG","SX_SX_MX","   3.17383 ±  0.68659 (0.14089)","   1.76037 ±  0.53648 (2e-04)"
"NL","TG","SX_SX_L0","   6.16549 ±  1.36648* (0.11296)","  81.36369 ± 38.61540 (0.00489)"
"NL","TG","SX_SX_L1","   0.11564 ±  0.11564*** (-0.00129)","   0.00000 ±  0.00000*** (-3e-05)"
"NL","TG","SX_SX_LX","  63.75591 ± 18.00854* (0.23093)","  72.80081 ± 37.30531 (0.00017)"
"NL","TG","SX_M0_M0","   0.00000 ±  0.00000*** (-1.49068)","   0.00000 ±  0.00000*** (-0.17968)"
"NL","TG","SX_M0_M1","   0.03661 ±  0.00486*** (-3.21789)","   0.03340 ±  0.01120*** (-0.2981)"
"NL","TG","SX_M0_MX","   0.05220 ±  0.01289*** (-0.94838)","   0.00656 ±  0.00200*** (-0.06936)"
"NL","TG","SX_M0_L0","   0.00019 ±  0.00016*** (-0.33756)","   0.00000 ±  0.00000*** (-0.0161)"
"NL","TG","SX_M0_L1","   0.00000 ±  0.00000*** (-0.02249)","   0.00000 ±  0.00000*** (-0.00757)"
"NL","TG","SX_M0_LX","   0.00000 ±  0.00000*** (-0.05681)","   0.00000 ±  0.00000*** (-0.00062)"
"NL","TG","SX_M1_M1","   0.12457 ±  0.04227*** (-1.638)","   0.00910 ±  0.00459*** (-0.13114)"
"NL","TG","SX_M1_MX","   0.05538 ±  0.01101*** (-1.05896)","   0.00011 ±  0.00011*** (-0.05991)"
"NL","TG","SX_M1_L0","   0.00000 ±  0.00000*** (-0.37826)","   0.00000 ±  0.00000*** (-0.01382)"
"NL","TG","SX_M1_L1","   0.00000 ±  0.00000*** (-0.0252)","   0.00000 ±  0.00000*** (-0.0065)"
"NL","TG","SX_M1_LX","   0.00000 ±  0.00000*** (-0.06365)","   0.00000 ±  0.00000*** (-0.00053)"
"NL","TG","SX_MX_MX","   0.00000 ±  0.00000*** (-0.16791)","   0.00000 ±  0.00000*** (-0.00678)"
"NL","TG","SX_MX_L0","   0.01058 ±  0.00524*** (-0.11211)","   0.55482 ±  0.36132 (-0.00139)"
"NL","TG","SX_MX_L1","   0.00000 ±  0.00000*** (-0.00755)","   0.00000 ±  0.00000*** (-0.00147)"
"NL","TG","SX_MX_LX","   0.00000 ±  0.00000*** (-0.01907)","   0.00000 ±  0.00000*** (-0.00012)"
"NL","TG","SX_L0_L0","  94.09978 ± 30.62882 (1.77979)","1542.08948 ±149.54094*** (0.55604)"
"NL","TG","SX_L0_L1","   0.00000 ±  0.00000*** (-0.00255)","   0.00000 ±  0.00000*** (-0.00034)"
"NL","TG","SX_L0_LX","   0.00000 ±  0.00000*** (-0.00643)","   0.00000 ±  0.00000*** (-3e-05)"
"NL","TG","SX_L1_L1","   0.00000 ±  0.00000*** (-8e-05)","   0.00000 ±  0.00000*** (-8e-05)"
"NL","TG","SX_L1_LX","   0.00000 ±  0.00000*** (-0.00043)","   0.00000 ±  0.00000*** (-1e-05)"
"NL","TG","SX_LX_LX","   0.00000 ±  0.00000*** (-0.00054)","   0.00000 ±  0.00000*** (0)"
"NL","TG","M0_M0_M0","   0.18586 ±  0.03258*** (-3.12281)","   0.20943 ±  0.02995*** (-6.26967)"
"NL","TG","M0_M0_M1","   1.63672 ±  0.17333* (8.20864)","   1.31265 ±  0.17599 (6.38359)"
"NL","TG","M0_M0_MX","   2.25080 ±  0.58577 (4.83066)","   2.35957 ±  0.59377 (6.28414)"
"NL","TG","M0_M0_L0","   0.00000 ±  0.00000*** (-1.30313)","   0.00000 ±  0.00000*** (-1.06613)"
"NL","TG","M0_M0_L1","   0.00000 ±  0.00000*** (-0.08681)","   0.00000 ±  0.00000*** (-0.50146)"
"NL","TG","M0_M0_LX","   0.20429 ±  0.04722*** (-0.17448)","   1.35026 ±  0.26536 (0.01436)"
"NL","TG","M0_M1_M1","   1.02274 ±  0.15723 (0.32852)","   0.99233 ±  0.15198 (-0.13436)"
"NL","TG","M0_M1_MX","   0.34468 ±  0.14274*** (-5.67099)","   0.85019 ±  0.07894 (-1.18847)"
"NL","TG","M0_M1_L0","   0.66895 ±  0.05142*** (-0.96663)","   1.39721 ±  0.16581 (0.72686)"
"NL","TG","M0_M1_L1","   1.95384 ±  0.16362*** (0.18553)","   1.40908 ±  0.21194 (0.35209)"
"NL","TG","M0_M1_LX","   0.00000 ±  0.00000*** (-0.49133)","   0.00000 ±  0.00000*** (-0.07037)"
"NL","TG","M0_MX_MX","   0.23434 ±  0.05604*** (-0.99244)","   0.00690 ±  0.00118*** (-0.89178)"
"NL","TG","M0_MX_L0","   0.00000 ±  0.00000*** (-0.87472)","   0.00000 ±  0.00000*** (-0.41425)"
"NL","TG","M0_MX_L1","   1.97962 ±  0.36833 (0.05708)","   0.08593 ±  0.01438*** (-0.1781)"
"NL","TG","M0_MX_LX","   9.18052 ±  1.93182** (1.20406)","   9.01043 ±  0.89744*** (0.12761)"
"NL","TG","M0_L0_L0","   0.00000 ±  0.00000*** (-0.14757)","   0.00000 ±  0.00000*** (-0.04777)"
"NL","TG","M0_L0_L1","   0.53203 ±  0.10101*** (-0.0092)","   2.18535 ±  0.49674 (0.05327)"
"NL","TG","M0_L0_LX","   0.00000 ±  0.00000*** (-0.04966)","   0.00000 ±  0.00000*** (-0.00367)"
"NL","TG","M0_L1_L1","   0.00000 ±  0.00000*** (-0.00065)","   0.00000 ±  0.00000*** (-0.01057)"
"NL","TG","M0_L1_LX","   0.00000 ±  0.00000*** (-0.00331)","   0.00000 ±  0.00000*** (-0.00173)"
"NL","TG","M0_LX_LX","   0.00000 ±  0.00000*** (-0.00418)","   0.00000 ±  0.00000*** (-7e-05)"
"NL","TG","M1_M1_M1","   1.66050 ±  0.22903 (3.56277)","   0.89573 ±  0.13387 (-0.52267)"
"NL","TG","M1_M1_MX","   0.62192 ±  0.08060*** (-1.83277)","   0.12470 ±  0.02006*** (-2.9797)"
"NL","TG","M1_M1_L0","   0.56043 ±  0.03611*** (-0.719)","   1.59814 ±  0.15573* (0.46966)"
"NL","TG","M1_M1_L1","   1.99973 ±  0.20877*** (0.10893)","   3.75381 ±  0.68911** (1.01705)"
"NL","TG","M1_M1_LX","   0.00000 ±  0.00000*** (-0.27523)","   0.00000 ±  0.00000*** (-0.0302)"
"NL","TG","M1_MX_MX","   1.23515 ±  0.30782 (0.34148)","   0.22296 ±  0.02290*** (-0.59882)"
"NL","TG","M1_MX_L0","   0.35670 ±  0.04383*** (-0.63043)","   0.72535 ±  0.08852 (-0.09765)"
"NL","TG","M1_MX_L1","   0.60236 ±  0.19065 (-0.02596)","   0.01509 ±  0.00441*** (-0.16469)"
"NL","TG","M1_MX_LX","   0.00000 ±  0.00000*** (-0.1649)","   0.00000 ±  0.00000*** (-0.01367)"
"NL","TG","M1_L0_L0","   0.00000 ±  0.00000*** (-0.16533)","   0.00000 ±  0.00000*** (-0.041)"
"NL","TG","M1_L0_L1","   0.00000 ±  0.00000*** (-0.02203)","   0.00000 ±  0.00000*** (-0.03857)"
"NL","TG","M1_L0_LX","   0.00000 ±  0.00000*** (-0.05564)","   0.00000 ±  0.00000*** (-0.00315)"
"NL","TG","M1_L1_L1","   0.00000 ±  0.00000*** (-0.00073)","   0.00000 ±  0.00000*** (-0.00907)"
"NL","TG","M1_L1_LX","   0.00000 ±  0.00000*** (-0.00371)","   0.00000 ±  0.00000*** (-0.00148)"
"NL","TG","M1_LX_LX","   0.00000 ±  0.00000*** (-0.00468)","   0.00000 ±  0.00000*** (-6e-05)"
"NL","TG","MX_MX_MX","   5.03169 ±  1.36258 (0.58463)","   0.43141 ±  0.11778*** (-0.03306)"
"NL","TG","MX_MX_L0","   0.00000 ±  0.00000*** (-0.14679)","   0.00000 ±  0.00000*** (-0.04024)"
"NL","TG","MX_MX_L1","   0.00000 ±  0.00000*** (-0.00978)","   0.00000 ±  0.00000*** (-0.01893)"
"NL","TG","MX_MX_LX","   0.00000 ±  0.00000*** (-0.0247)","   0.00000 ±  0.00000*** (-0.00155)"
"NL","TG","MX_L0_L0","  44.74349 ±  9.00328*** (2.16655)","  19.74291 ±  2.55754*** (0.17396)"
"NL","TG","MX_L0_L1","   0.00000 ±  0.00000*** (-0.0066)","   0.00000 ±  0.00000*** (-0.00873)"
"NL","TG","MX_L0_LX","   0.00000 ±  0.00000*** (-0.01667)","   0.00000 ±  0.00000*** (-0.00071)"
"NL","TG","MX_L1_L1","   0.00000 ±  0.00000*** (-0.00022)","   0.00000 ±  0.00000*** (-0.00205)"
"NL","TG","MX_L1_LX","   0.00000 ±  0.00000*** (-0.00111)","   0.00000 ±  0.00000*** (-0.00034)"
"NL","TG","MX_LX_LX","   0.00000 ±  0.00000*** (-0.0014)","   0.00000 ±  0.00000*** (-1e-05)"
"NL","TG","L0_L0_L0","   0.00000 ±  0.00000*** (-0.00557)","   0.00000 ±  0.00000*** (-0.00071)"
"NL","TG","L0_L0_L1","   0.00000 ±  0.00000*** (-0.00111)","   0.00000 ±  0.00000*** (-0.00101)"
"NL","TG","L0_L0_LX","   0.00000 ±  0.00000*** (-0.00281)","   0.00000 ±  0.00000*** (-8e-05)"
"NL","TG","L0_L1_L1","   0.00000 ±  0.00000*** (-7e-05)","   0.00000 ±  0.00000*** (-0.00047)"
"NL","TG","L0_L1_LX","   0.00000 ±  0.00000*** (-0.00037)","   0.00000 ±  0.00000*** (-8e-05)"
"NL","TG","L0_LX_LX","   0.00000 ±  0.00000*** (-0.00047)","   0.00000 ±  0.00000*** (0)"
"NL","TG","L1_L1_L1","   0.00000 ±  0.00000*** (0)","   0.00000 ±  0.00000*** (-7e-05)"
"NL","TG","L1_L1_LX","   0.00000 ±  0.00000*** (-1e-05)","   0.00000 ±  0.00000*** (-2e-05)"
"NL","TG","L1_LX_LX","   0.00000 ±  0.00000*** (-3e-05)","   0.00000 ±  0.00000*** (0)"
"NL","TG","LX_LX_LX","   0.00000 ±  0.00000*** (-3e-05)","   0.00000 ±  0.00000*** (0)"
"PL","CL","S0_S0_S0_S0","   0.00000 ±  0.00000*** (-0.00032)","   0.00000 ±  0.00000*** (-0.00014)"
"PL","CL","S0_S0_S0_S1","   0.00000 ±  0.00000*** (-0.00024)","   0.00000 ±  0.00000*** (-1e-04)"
"PL","CL","S0_S0_S0_M0","   0.00000 ±  0.00000*** (-0.00014)","   0.00000 ±  0.00000*** (-1e-04)"
"PL","CL","S0_S0_S0_M1","   0.00000 ±  0.00000*** (-0.00867)","   0.00000 ±  0.00000*** (-0.00817)"
"PL","CL","S0_S0_S0_MX","   0.00000 ±  0.00000*** (-0.01788)","   0.00000 ±  0.00000*** (-0.00644)"
"PL","CL","S0_S0_S0_LX","   0.00000 ±  0.00000*** (-0.00232)","   0.00000 ±  0.00000*** (-0.00087)"
"PL","CL","S0_S0_S1_S1","   0.00000 ±  0.00000*** (-6e-05)","   0.00000 ±  0.00000*** (-2e-05)"
"PL","CL","S0_S0_S1_M0","   0.00000 ±  0.00000*** (-7e-05)","   0.00000 ±  0.00000*** (-5e-05)"
"PL","CL","S0_S0_S1_M1","   0.00000 ±  0.00000*** (-0.00472)","   0.00000 ±  0.00000*** (-0.00423)"
"PL","CL","S0_S0_S1_MX","   0.00000 ±  0.00000*** (-0.00974)","   0.00000 ±  0.00000*** (-0.00333)"
"PL","CL","S0_S0_S1_LX","   0.00000 ±  0.00000*** (-0.00127)","   0.00000 ±  0.00000*** (-0.00045)"
"PL","CL","S0_S0_M0_M0","   0.00000 ±  0.00000*** (-2e-05)","   0.00000 ±  0.00000*** (-3e-05)"
"PL","CL","S0_S0_M0_M1","   0.00000 ±  0.00000*** (-0.00276)","   0.00000 ±  0.00000*** (-0.00432)"
"PL","CL","S0_S0_M0_MX","   0.00000 ±  0.00000*** (-0.00569)","   0.00000 ±  0.00000*** (-0.0034)"
"PL","CL","S0_S0_M0_LX","   0.00000 ±  0.00000*** (-0.00074)","   0.00000 ±  0.00000*** (-0.00046)"
"PL","CL","S0_S0_M1_M1","   0.00000 ±  0.00000*** (-0.08697)","   0.00000 ±  0.00000*** (-0.1796)"
"PL","CL","S0_S0_M1_MX","   0.00000 ±  0.00000*** (-0.35886)","   0.00000 ±  0.00000*** (-0.28316)"
"PL","CL","S0_S0_M1_LX","   0.00000 ±  0.00000*** (-0.04662)","   0.00000 ±  0.00000*** (-0.03813)"
"PL","CL","S0_S0_MX_MX","   0.00000 ±  0.00000*** (-0.3702)","   0.00000 ±  0.00000*** (-0.1116)"
"PL","CL","S0_S0_MX_LX","   0.00000 ±  0.00000*** (-0.0962)","   0.00000 ±  0.00000*** (-0.03005)"
"PL","CL","S0_S0_LX_LX","   0.00000 ±  0.00000*** (-0.00625)","   0.00000 ±  0.00000*** (-0.00202)"
"PL","CL","S0_S1_S1_S1","   0.00000 ±  0.00000*** (-1e-05)","   0.00000 ±  0.00000*** (0)"
"PL","CL","S0_S1_S1_M0","   0.00000 ±  0.00000*** (-1e-05)","   0.00000 ±  0.00000*** (-1e-05)"
"PL","CL","S0_S1_S1_M1","   0.00000 ±  0.00000*** (-0.00086)","   0.00000 ±  0.00000*** (-0.00073)"
"PL","CL","S0_S1_S1_MX","   0.00000 ±  0.00000*** (-0.00177)","   0.00000 ±  0.00000*** (-0.00057)"
"PL","CL","S0_S1_S1_LX","   0.00000 ±  0.00000*** (-0.00023)","   0.00000 ±  0.00000*** (-8e-05)"
"PL","CL","S0_S1_M0_M0","   0.00000 ±  0.00000*** (-1e-05)","   0.00000 ±  0.00000*** (-1e-05)"
"PL","CL","S0_S1_M0_M1","   0.00000 ±  0.00000*** (-0.001)","   0.00000 ±  0.00000*** (-0.00149)"
"PL","CL","S0_S1_M0_MX","   0.00000 ±  0.00000*** (-0.00207)","   0.00000 ±  0.00000*** (-0.00117)"
"PL","CL","S0_S1_M0_LX","   0.00000 ±  0.00000*** (-0.00027)","   0.00000 ±  0.00000*** (-0.00016)"
"PL","CL","S0_S1_M1_M1","   0.00000 ±  0.00000*** (-0.03159)","   0.00000 ±  0.00000*** (-0.06193)"
"PL","CL","S0_S1_M1_MX","   0.00000 ±  0.00000*** (-0.13035)","   0.00000 ±  0.00000*** (-0.09764)"
"PL","CL","S0_S1_M1_LX","   0.00000 ±  0.00000*** (-0.01694)","   0.00000 ±  0.00000*** (-0.01315)"
"PL","CL","S0_S1_MX_MX","   0.00000 ±  0.00000*** (-0.13447)","   0.00000 ±  0.00000*** (-0.03848)"
"PL","CL","S0_S1_MX_LX","   0.00000 ±  0.00000*** (-0.03494)","   0.00000 ±  0.00000*** (-0.01036)"
"PL","CL","S0_S1_LX_LX","   0.00000 ±  0.00000*** (-0.00227)","   0.00000 ±  0.00000*** (-7e-04)"
"PL","CL","S0_M0_M0_M0","   0.00000 ±  0.00000*** (0)","   0.00000 ±  0.00000*** (0)"
"PL","CL","S0_M0_M0_M1","   0.00000 ±  0.00000*** (-0.00029)","   0.00000 ±  0.00000*** (-0.00076)"
"PL","CL","S0_M0_M0_MX","   0.00000 ±  0.00000*** (-6e-04)","   0.00000 ±  0.00000*** (-6e-04)"
"PL","CL","S0_M0_M0_LX","   0.00000 ±  0.00000*** (-8e-05)","   0.00000 ±  0.00000*** (-8e-05)"
"PL","CL","S0_M0_M1_M1","   0.00000 ±  0.00000*** (-0.01844)","   0.00000 ±  0.00000*** (-0.06322)"
"PL","CL","S0_M0_M1_MX","   0.00000 ±  0.00000*** (-0.07608)","   0.00000 ±  0.00000*** (-0.09967)"
"PL","CL","S0_M0_M1_LX","   0.00000 ±  0.00000*** (-0.00988)","   0.00000 ±  0.00000*** (-0.01342)"
"PL","CL","S0_M0_MX_MX","   0.00000 ±  0.00000*** (-0.07849)","   0.00000 ±  0.00000*** (-0.03928)"
"PL","CL","S0_M0_MX_LX","   0.00000 ±  0.00000*** (-0.02039)","   0.00000 ±  0.00000*** (-0.01058)"
"PL","CL","S0_M0_LX_LX","   0.00000 ±  0.00000*** (-0.00132)","   0.00000 ±  0.00000*** (-0.00071)"
"PL","CL","S0_M1_M1_M1","   0.00000 ±  0.00000*** (-0.38784)","   0.00000 ±  0.00000*** (-1.75376)"
"PL","CL","S0_M1_M1_MX","   0.00000 ±  0.00000*** (-2.40058)","   0.00000 ±  0.00000*** (-4.1474)"
"PL","CL","S0_M1_M1_LX","   7.32839 ±  0.66833*** (1.97378)","  11.62641 ±  0.47273*** (5.93405)"
"PL","CL","S0_M1_MX_MX","   0.00000 ±  0.00000*** (-4.95288)","   0.00000 ±  0.00000*** (-3.26933)"
"PL","CL","S0_M1_MX_LX","   5.22303 ±  0.37960*** (5.43501)","   6.09769 ±  0.86656*** (4.48799)"
"PL","CL","S0_M1_LX_LX","   0.00000 ±  0.00000*** (-0.08361)","   0.00000 ±  0.00000*** (-0.05927)"
"PL","CL","S0_MX_MX_MX","   0.00000 ±  0.00000*** (-3.40625)","   0.00000 ±  0.00000*** (-0.85906)"
"PL","CL","S0_MX_MX_LX","   5.99683 ±  0.82622*** (6.63408)","   5.43716 ±  0.73467*** (1.5397)"
"PL","CL","S0_MX_LX_LX","   0.00000 ±  0.00000*** (-0.17249)","   0.00000 ±  0.00000*** (-0.04672)"
"PL","CL","S0_LX_LX_LX","   0.00000 ±  0.00000*** (-0.00747)","   0.00000 ±  0.00000*** (-0.0021)"
"PL","CL","S1_S1_S1_S1","   0.00000 ±  0.00000*** (0)","   0.00000 ±  0.00000*** (0)"
"PL","CL","S1_S1_S1_M0","   0.00000 ±  0.00000*** (0)","   0.00000 ±  0.00000*** (0)"
"PL","CL","S1_S1_S1_M1","   0.00000 ±  0.00000*** (-5e-05)","   0.00000 ±  0.00000*** (-4e-05)"
"PL","CL","S1_S1_S1_MX","   0.00000 ±  0.00000*** (-0.00011)","   0.00000 ±  0.00000*** (-3e-05)"
"PL","CL","S1_S1_S1_LX","   0.00000 ±  0.00000*** (-1e-05)","   0.00000 ±  0.00000*** (0)"
"PL","CL","S1_S1_M0_M0","   0.00000 ±  0.00000*** (0)","   0.00000 ±  0.00000*** (0)"
"PL","CL","S1_S1_M0_M1","   0.00000 ±  0.00000*** (-9e-05)","   0.00000 ±  0.00000*** (-0.00013)"
"PL","CL","S1_S1_M0_MX","   0.00000 ±  0.00000*** (-0.00019)","   0.00000 ±  0.00000*** (-1e-04)"
"PL","CL","S1_S1_M0_LX","   0.00000 ±  0.00000*** (-2e-05)","   0.00000 ±  0.00000*** (-1e-05)"
"PL","CL","S1_S1_M1_M1","   0.00000 ±  0.00000*** (-0.00287)","   0.00000 ±  0.00000*** (-0.00534)"
"PL","CL","S1_S1_M1_MX","   0.00000 ±  0.00000*** (-0.01184)","   0.00000 ±  0.00000*** (-0.00842)"
"PL","CL","S1_S1_M1_LX","   0.00000 ±  0.00000*** (-0.00154)","   0.00000 ±  0.00000*** (-0.00113)"
"PL","CL","S1_S1_MX_MX","   0.00000 ±  0.00000*** (-0.01221)","   0.00000 ±  0.00000*** (-0.00332)"
"PL","CL","S1_S1_MX_LX","   0.00000 ±  0.00000*** (-0.00317)","   0.00000 ±  0.00000*** (-0.00089)"
"PL","CL","S1_S1_LX_LX","   0.00000 ±  0.00000*** (-0.00021)","   0.00000 ±  0.00000*** (-6e-05)"
"PL","CL","S1_M0_M0_M0","   0.00000 ±  0.00000*** (0)","   0.00000 ±  0.00000*** (0)"
"PL","CL","S1_M0_M0_M1","   0.00000 ±  0.00000*** (-5e-05)","   0.00000 ±  0.00000*** (-0.00013)"
"PL","CL","S1_M0_M0_MX","   0.00000 ±  0.00000*** (-0.00011)","   0.00000 ±  0.00000*** (-1e-04)"
"PL","CL","S1_M0_M0_LX","   0.00000 ±  0.00000*** (-1e-05)","   0.00000 ±  0.00000*** (-1e-05)"
"PL","CL","S1_M0_M1_M1","   0.00000 ±  0.00000*** (-0.00335)","   0.00000 ±  0.00000*** (-0.0109)"
"PL","CL","S1_M0_M1_MX","   0.00000 ±  0.00000*** (-0.01382)","   0.00000 ±  0.00000*** (-0.01718)"
"PL","CL","S1_M0_M1_LX","   0.00000 ±  0.00000*** (-0.0018)","   0.00000 ±  0.00000*** (-0.00231)"
"PL","CL","S1_M0_MX_MX","   0.00000 ±  0.00000*** (-0.01425)","   0.00000 ±  0.00000*** (-0.00677)"
"PL","CL","S1_M0_MX_LX","   0.00000 ±  0.00000*** (-0.0037)","   0.00000 ±  0.00000*** (-0.00182)"
"PL","CL","S1_M0_LX_LX","   0.00000 ±  0.00000*** (-0.00024)","   0.00000 ±  0.00000*** (-0.00012)"
"PL","CL","S1_M1_M1_M1","   0.00000 ±  0.00000*** (-0.07044)","   0.00000 ±  0.00000*** (-0.30236)"
"PL","CL","S1_M1_M1_MX","   0.00000 ±  0.00000*** (-0.43598)","   0.00000 ±  0.00000*** (-0.71504)"
"PL","CL","S1_M1_M1_LX","   0.00000 ±  0.00000*** (-0.05664)","   0.00000 ±  0.00000*** (-0.09628)"
"PL","CL","S1_M1_MX_MX","   0.00000 ±  0.00000*** (-0.89952)","   0.00000 ±  0.00000*** (-0.56366)"
"PL","CL","S1_M1_MX_LX","   3.40604 ±  0.13701*** (0.56238)","   6.63996 ±  0.32161*** (0.85607)"
"PL","CL","S1_M1_LX_LX","   0.00000 ±  0.00000*** (-0.01518)","   0.00000 ±  0.00000*** (-0.01022)"
"PL","CL","S1_MX_MX_MX","   0.00000 ±  0.00000*** (-0.61863)","   0.00000 ±  0.00000*** (-0.14811)"
"PL","CL","S1_MX_MX_LX","   9.47975 ±  0.53778*** (2.04468)","  22.77155 ±  1.44350*** (1.3025)"
"PL","CL","S1_MX_LX_LX","   0.00000 ±  0.00000*** (-0.03133)","   0.00000 ±  0.00000*** (-0.00806)"
"PL","CL","S1_LX_LX_LX","   0.00000 ±  0.00000*** (-0.00136)","   0.00000 ±  0.00000*** (-0.00036)"
"PL","CL","M0_M0_M0_M0","   0.00000 ±  0.00000*** (0)","   0.00000 ±  0.00000*** (0)"
"PL","CL","M0_M0_M0_M1","   0.00000 ±  0.00000*** (-1e-05)","   0.00000 ±  0.00000*** (-4e-05)"
"PL","CL","M0_M0_M0_MX","   0.00000 ±  0.00000*** (-2e-05)","   0.00000 ±  0.00000*** (-4e-05)"
"PL","CL","M0_M0_M0_LX","   0.00000 ±  0.00000*** (0)","   0.00000 ±  0.00000*** (0)"
"PL","CL","M0_M0_M1_M1","   0.00000 ±  0.00000*** (-0.00098)","   0.00000 ±  0.00000*** (-0.00556)"
"PL","CL","M0_M0_M1_MX","   0.00000 ±  0.00000*** (-0.00403)","   0.00000 ±  0.00000*** (-0.00877)"
"PL","CL","M0_M0_M1_LX","   0.00000 ±  0.00000*** (-0.00052)","   0.00000 ±  0.00000*** (-0.00118)"
"PL","CL","M0_M0_MX_MX","   0.00000 ±  0.00000*** (-0.00416)","   0.00000 ±  0.00000*** (-0.00346)"
"PL","CL","M0_M0_MX_LX","   0.00000 ±  0.00000*** (-0.00108)","   0.00000 ±  0.00000*** (-0.00093)"
"PL","CL","M0_M0_LX_LX","   0.00000 ±  0.00000*** (-7e-05)","   0.00000 ±  0.00000*** (-6e-05)"
"PL","CL","M0_M1_M1_M1","   0.00000 ±  0.00000*** (-0.04111)","   0.00000 ±  0.00000*** (-0.30865)"
"PL","CL","M0_M1_M1_MX","   0.00000 ±  0.00000*** (-0.25448)","   0.00000 ±  0.00000*** (-0.72992)"
"PL","CL","M0_M1_M1_LX","   0.00000 ±  0.00000*** (-0.03306)","   0.00000 ±  0.00000*** (-0.09828)"
"PL","CL","M0_M1_MX_MX","   3.42617 ±  0.53312*** (1.27383)","   4.20501 ±  0.34737*** (1.84412)"
"PL","CL","M0_M1_MX_LX","   0.00000 ±  0.00000*** (-0.13643)","   0.00000 ±  0.00000*** (-0.15495)"
"PL","CL","M0_M1_LX_LX","   0.00000 ±  0.00000*** (-0.00886)","   0.00000 ±  0.00000*** (-0.01043)"
"PL","CL","M0_MX_MX_MX","   0.00000 ±  0.00000*** (-0.36108)","   0.00000 ±  0.00000*** (-0.15119)"
"PL","CL","M0_MX_MX_LX","   0.00000 ±  0.00000*** (-0.14074)","   0.00000 ±  0.00000*** (-0.06107)"
"PL","CL","M0_MX_LX_LX","   0.00000 ±  0.00000*** (-0.01829)","   0.00000 ±  0.00000*** (-0.00822)"
"PL","CL","M0_LX_LX_LX","   0.00000 ±  0.00000*** (-0.00079)","   0.00000 ±  0.00000*** (-0.00037)"
"PL","CL","M1_M1_M1_M1","   7.51238 ±  0.95533*** (4.22401)","   2.78724 ±  0.15779*** (11.47736)"
"PL","CL","M1_M1_M1_MX","   0.79658 ±  0.09717 (-1.08888)","   0.67052 ±  0.05055*** (-6.67168)"
"PL","CL","M1_M1_M1_LX","   0.00000 ±  0.00000*** (-0.69546)","   0.00000 ±  0.00000*** (-2.72642)"
"PL","CL","M1_M1_MX_MX","   0.92481 ±  0.06733 (-1.24556)","   0.90796 ±  0.02148** (-2.20376)"
"PL","CL","M1_M1_MX_LX","   1.92339 ±  0.10430*** (3.97484)","   0.61221 ±  0.10340* (-2.50031)"
"PL","CL","M1_M1_LX_LX","   0.00000 ±  0.00000*** (-0.27964)","   0.00000 ±  0.00000*** (-0.43407)"
"PL","CL","M1_MX_MX_MX","   0.79204 ±  0.03198*** (-4.7386)","   1.15805 ±  0.03827** (1.98863)"
"PL","CL","M1_MX_MX_LX","   0.23623 ±  0.01089*** (-6.78325)","   0.25717 ±  0.01306*** (-3.77545)"
"PL","CL","M1_MX_LX_LX","   0.00000 ±  0.00000*** (-1.15389)","   0.00000 ±  0.00000*** (-0.68434)"
"PL","CL","M1_LX_LX_LX","   0.00000 ±  0.00000*** (-0.04997)","   0.00000 ±  0.00000*** (-0.03071)"
"PL","CL","MX_MX_MX_MX","   2.14993 ±  0.11107*** (13.5151)","   3.39618 ±  0.22658*** (5.94172)"
"PL","CL","MX_MX_MX_LX","   0.00000 ±  0.00000*** (-6.10794)","   0.00000 ±  0.00000*** (-1.3355)"
"PL","CL","MX_MX_LX_LX","   0.00000 ±  0.00000*** (-1.19035)","   0.00000 ±  0.00000*** (-0.26973)"
"PL","CL","MX_LX_LX_LX","   0.00000 ±  0.00000*** (-0.1031)","   0.00000 ±  0.00000*** (-0.02421)"
"PL","CL","LX_LX_LX_LX","   0.00000 ±  0.00000*** (-0.00335)","   0.00000 ±  0.00000*** (-0.00081)"
"PL","PC","S0_S0","   0.00000 ±  0.00000*** (-0.01128)","   0.00000 ±  0.00000*** (-0.02024)"
"PL","PC","S0_M0","   0.70266 ±  0.01690*** (-0.23947)","   0.67707 ±  0.02064*** (-0.22914)"
"PL","PC","S0_M1","   1.16704 ±  0.04912** (0.12558)","   0.74857 ±  0.02633*** (-0.46901)"
"PL","PC","S0_MX","   0.81266 ±  0.05348** (-0.10151)","   1.07889 ±  0.04693 (0.01686)"
"PL","PC","S0_L1","  94.15673 ±  7.03738*** (0.0883)","  70.29526 ± 16.39599*** (0.4346)"
"PL","PC","S0_LX","  94.15673 ±  9.46792*** (0.14967)","  29.98236 ±  2.07887*** (0.28715)"
"PL","PC","M0_M0","   0.37088 ±  0.01566*** (-9.04444)","   0.61046 ±  0.04694*** (-2.42267)"
"PL","PC","M0_M1","   1.32281 ±  0.04205*** (8.66365)","   1.06993 ±  0.02272* (2.2868)"
"PL","PC","M0_MX","   1.50432 ±  0.03230*** (9.75589)","   1.71343 ±  0.09012*** (2.6719)"
"PL","PC","M0_L1","   0.00000 ±  0.00000*** (-0.03384)","   0.00000 ±  0.00000*** (-0.10995)"
"PL","PC","M0_LX","   0.00000 ±  0.00000*** (-0.05736)","   2.29957 ±  0.63882 (0.22573)"
"PL","PC","M1_M1","   1.13021 ±  0.07238 (1.631)","   1.04725 ±  0.02232 (2.03108)"
"PL","PC","M1_MX","   0.33731 ±  0.02370*** (-11.96611)","   0.47852 ±  0.03485*** (-5.1343)"
"PL","PC","M1_L1","   0.00000 ±  0.00000*** (-0.03159)","   0.00000 ±  0.00000*** (-0.28904)"
"PL","PC","M1_LX","   0.00000 ±  0.00000*** (-0.05354)","   0.00000 ±  0.00000*** (-0.45662)"
"PL","PC","MX_MX","   1.18234 ±  0.15646 (1.18655)","   3.24453 ±  0.18910*** (1.26548)"
"PL","PC","MX_L1","   0.00000 ±  0.00000*** (-0.02277)","   0.00000 ±  0.00000*** (-0.0331)"
"PL","PC","MX_LX","   0.00000 ±  0.00000*** (-0.03859)","   0.00000 ±  0.00000*** (-0.0523)"
"PL","PC","L1_L1","   0.00000 ±  0.00000*** (-2e-05)","   0.00000 ±  0.00000*** (-0.00049)"
"PL","PC","L1_LX","   0.00000 ±  0.00000*** (-7e-05)","   0.00000 ±  0.00000*** (-0.00154)"
"PL","PC","LX_LX","   0.00000 ±  0.00000*** (-6e-05)","   0.00000 ±  0.00000*** (-0.00121)"
"PL","PE","S0_S0","-","   0.00000 ±  0.00000*** (-1e-05)"
"PL","PE","S0_SX","-","   0.00000 ±  0.00000*** (-2e-05)"
"PL","PE","S0_M0","-","   0.00000 ±  0.00000*** (-0.02368)"
"PL","PE","S0_M1","-","   0.00000 ±  0.00000*** (-0.02932)"
"PL","PE","S0_MX","-","   0.00000 ±  0.00000*** (-0.02027)"
"PL","PE","S0_L0","-","   0.00000 ±  0.00000*** (-0.00016)"
"PL","PE","S0_L1","-","  30.62047 ± 21.06087 (0.0735)"
"PL","PE","S0_LX","-","   0.00000 ±  0.00000*** (-1e-05)"
"PL","PE","SX_SX","   0.00000 ±  0.00000*** (-5e-05)","   0.00000 ±  0.00000*** (-1e-05)"
"PL","PE","SX_M0","   3.13956 ±  0.15896*** (0.09789)","   3.20861 ±  0.14250*** (0.0429)"
"PL","PE","SX_M1","   0.00000 ±  0.00000*** (-0.05137)","   0.00000 ±  0.00000*** (-0.02405)"
"PL","PE","SX_MX","   0.00000 ±  0.00000*** (-0.0459)","   0.00000 ±  0.00000*** (-0.01663)"
"PL","PE","SX_L0","   0.00000 ±  0.00000*** (-0.00051)","   0.00000 ±  0.00000*** (-0.00013)"
"PL","PE","SX_L1","-","   0.00000 ±  0.00000*** (-0.00204)"
"PL","PE","SX_LX","-","   0.00000 ±  0.00000*** (-1e-05)"
"PL","PE","M0_M0","   0.05989 ±  0.00438*** (-9.53772)","   0.04036 ±  0.00189*** (-9.32128)"
"PL","PE","M0_M1","   1.45774 ±  0.02849*** (10.42849)","   0.99571 ±  0.03298 (-0.10311)"
"PL","PE","M0_MX","   1.43116 ±  0.02380*** (8.77696)","   2.25566 ±  0.06027*** (20.88441)"
"PL","PE","M0_L0","   0.00000 ±  0.00000*** (-0.2279)","   0.00000 ±  0.00000*** (-0.13491)"
"PL","PE","M0_L1","-","   0.00000 ±  0.00000*** (-2.03564)"
"PL","PE","M0_LX","-","   2.37327 ±  1.66384 (0.01258)"
"PL","PE","M1_M1","   0.87770 ±  0.03644** (-1.56429)","   1.29087 ±  0.03194*** (4.33043)"
"PL","PE","M1_MX","   0.67657 ±  0.03337*** (-7.39251)","   0.38851 ±  0.03311*** (-12.59123)"
"PL","PE","M1_L0","   1.56259 ±  0.06145*** (0.14397)","   1.97453 ±  0.13103*** (0.16277)"
"PL","PE","M1_L1","-","   2.56155 ±  0.75246 (3.93541)"
"PL","PE","M1_LX","-","   0.00000 ±  0.00000*** (-0.01134)"
"PL","PE","MX_MX","   0.93020 ±  0.06969 (-0.71278)","   0.54347 ±  0.03160*** (-3.25042)"
"PL","PE","MX_L0","   1.38056 ±  0.11447** (0.08701)","   0.89245 ±  0.14324 (-0.01243)"
"PL","PE","MX_L1","-","   0.00000 ±  0.00000*** (-1.74283)"
"PL","PE","MX_LX","-","   0.97568 ±  0.39048 (-0.00019)"
"PL","PE","L0_L0","   0.00000 ±  0.00000*** (-0.00128)","   0.00000 ±  0.00000*** (-0.00047)"
"PL","PE","L0_L1","-","   0.00000 ±  0.00000*** (-0.01414)"
"PL","PE","L0_LX","-","   0.00000 ±  0.00000*** (-6e-05)"
"PL","PE","L1_L1","-","   0.00000 ±  0.00000*** (-0.10665)"
"PL","PE","L1_LX","-","   0.00000 ±  0.00000*** (-0.00096)"
"PL","PE","LX_LX","-","   0.00000 ±  0.00000*** (0)"
"PL","PG","SX_SX","   0.00000 ±  0.00000*** (-1.05563)","   0.00000 ±  0.00000*** (-0.89723)"
"PL","PG","SX_M0","   0.00000 ±  0.00000*** (-6.45117)","   0.00000 ±  0.00000*** (-6.01944)"
"PL","PG","SX_M1","   0.00000 ±  0.00000*** (-2.95901)","   0.00000 ±  0.00000*** (-4.89579)"
"PL","PG","SX_MX","   0.00000 ±  0.00000*** (-6.91606)","   0.00000 ±  0.00000*** (-4.44029)"
"PL","PG","SX_LX","   9.73295 ±  0.86605*** (18.4375)","  10.55719 ±  0.74180*** (17.14997)"
"PL","PG","M0_M0","   0.00000 ±  0.00000*** (-9.85612)","   0.00000 ±  0.00000*** (-10.09599)"
"PL","PG","M0_M1","   1.50640 ±  0.11932*** (4.57865)","   1.81370 ±  0.05459*** (13.36311)"
"PL","PG","M0_MX","   2.32666 ±  0.07497*** (28.03593)","   2.26674 ±  0.08359*** (18.86776)"
"PL","PG","M0_LX","   0.00000 ±  0.00000*** (-6.45117)","   0.00000 ±  0.00000*** (-6.01944)"
"PL","PG","M1_M1","   0.26952 ±  0.04212*** (-1.51473)","   0.84019 ±  0.07065 (-1.06727)"
"PL","PG","M1_MX","   1.45071 ±  0.08148*** (4.36881)","   0.88138 ±  0.07281 (-1.43699)"
"PL","PG","M1_LX","   0.00000 ±  0.00000*** (-2.95901)","   0.00000 ±  0.00000*** (-4.89579)"
"PL","PG","MX_MX","   0.18022 ±  0.02885*** (-9.28631)","   0.22181 ±  0.03807*** (-4.27509)"
"PL","PG","MX_LX","   0.00000 ±  0.00000*** (-6.91606)","   0.00000 ±  0.00000*** (-4.44029)"
"PL","PG","LX_LX","   0.00000 ±  0.00000*** (-1.05563)","   0.00000 ±  0.00000*** (-0.89723)"
"PL","PI","M0_M0","   0.00000 ±  0.00000*** (-9.42136)","   0.00000 ±  0.00000*** (-12.3215)"
"PL","PI","M0_M1","   1.10747 ±  0.07262 (1.69616)","   1.43260 ±  0.04013*** (9.24911)"
"PL","PI","M0_MX","   1.64067 ±  0.05456*** (17.14657)","   1.63661 ±  0.06156*** (15.39389)"
"PL","PI","M1_M1","   0.17905 ±  0.01803*** (-5.42596)","   0.67257 ±  0.02693*** (-3.03677)"
"PL","PI","M1_MX","   1.40844 ±  0.09265*** (9.15577)","   0.84863 ±  0.07598 (-3.17556)"
"PL","PI","MX_MX","   0.30809 ±  0.02278*** (-13.15117)","   0.48506 ±  0.03953*** (-6.10917)"
"PL","PS","S1_S1","-","-"
"PL","PS","S1_M0","-","-"
"PL","PS","S1_M1","-","-"
"PL","PS","S1_MX","-","-"
"PL","PS","S1_L0","-","-"
"PL","PS","S1_L1","-","-"
"PL","PS","S1_LX","-","-"
"PL","PS","M0_M0","   0.00000 ±  0.00000*** (-1.86838)","   0.00000 ±  0.00000*** (-1.00703)"
"PL","PS","M0_M1","   1.84737 ±  0.06467*** (11.70595)","   1.65572 ±  0.10097*** (7.41227)"
"PL","PS","M0_MX","   0.18668 ±  0.08754*** (-7.91792)","   0.30237 ±  0.14794*** (-3.12353)"
"PL","PS","M0_L0","-","   0.00000 ±  0.00000*** (-1.86496)"
"PL","PS","M0_L1","   0.00000 ±  0.00000*** (-0.05126)","   0.00000 ±  0.00000*** (-0.04063)"
"PL","PS","M0_LX","-","   0.00000 ±  0.00000*** (-0.3691)"
"PL","PS","M1_M1","   0.78891 ±  0.12725 (-5.39032)","   0.85243 ±  0.13472 (-4.68143)"
"PL","PS","M1_MX","   0.96914 ±  0.06097 (-1.11081)","   0.70730 ±  0.05358*** (-7.35529)"
"PL","PS","M1_L0","-","   1.77548 ±  0.52956 (8.11716)"
"PL","PS","M1_L1","   1.97893 ±  1.52369 (0.1855)","   1.77548 ±  1.77548 (0.17686)"
"PL","PS","M1_LX","-","   1.48844 ±  0.45092 (1.01185)"
"PL","PS","MX_MX","   1.36124 ±  0.06338*** (4.58114)","   2.50109 ±  0.15448*** (7.47046)"
"PL","PS","MX_L0","-","   0.00000 ±  0.00000*** (-4.1459)"
"PL","PS","MX_L1","   0.00000 ±  0.00000*** (-0.13354)","   0.00000 ±  0.00000*** (-0.09033)"
"PL","PS","MX_LX","-","   0.72471 ±  0.23698 (-0.22588)"
"PL","PS","L0_L0","-","   0.00000 ±  0.00000*** (-0.86345)"
"PL","PS","L0_L1","-","   0.00000 ±  0.00000*** (-0.03763)"
"PL","PS","L0_LX","-","   0.00000 ±  0.00000*** (-0.34178)"
"PL","PS","L1_L1","   0.00000 ±  0.00000*** (-0.00035)","   0.00000 ±  0.00000*** (-0.00041)"
"PL","PS","L1_LX","-","   0.00000 ±  0.00000*** (-0.00745)"
"PL","PS","LX_LX","-","   0.00000 ±  0.00000*** (-0.03382)"
"ELNL","TG e","S1_S1_S1","   0.00000 ±  0.00000*** (-0.02068)","-"
"ELNL","TG e","S1_S1_SX","   0.00000 ±  0.00000*** (-0.06205)","-"
"ELNL","TG e","S1_S1_M0","   0.00000 ±  0.00000*** (-0.1596)","-"
"ELNL","TG e","S1_S1_M1","   0.00000 ±  0.00000*** (-0.42316)","-"
"ELNL","TG e","S1_S1_MX","   0.00000 ±  0.00000*** (-0.09266)","-"
"ELNL","TG e","S1_S1_L0","   0.00000 ±  0.00000*** (-0.24974)","-"
"ELNL","TG e","S1_SX_SX","   0.00000 ±  0.00000*** (-0.06205)","-"
"ELNL","TG e","S1_SX_M0","   0.00000 ±  0.00000*** (-0.31919)","-"
"ELNL","TG e","S1_SX_M1","   0.00000 ±  0.00000*** (-0.84632)","-"
"ELNL","TG e","S1_SX_MX","  95.74003 ± 38.44538 (17.55673)","-"
"ELNL","TG e","S1_SX_L0","   0.00000 ±  0.00000*** (-0.49949)","-"
"ELNL","TG e","S1_M0_M0","   0.00000 ±  0.00000*** (-0.41047)","-"
"ELNL","TG e","S1_M0_M1","   0.00000 ±  0.00000*** (-2.17666)","-"
"ELNL","TG e","S1_M0_MX","   0.00000 ±  0.00000*** (-0.47661)","-"
"ELNL","TG e","S1_M0_L0","   0.00000 ±  0.00000*** (-1.28463)","-"
"ELNL","TG e","S1_M1_M1","   0.00000 ±  0.00000*** (-2.88565)","-"
"ELNL","TG e","S1_M1_MX","   0.00000 ±  0.00000*** (-1.26371)","-"
"ELNL","TG e","S1_M1_L0","   0.00000 ±  0.00000*** (-3.40614)","-"
"ELNL","TG e","S1_MX_MX","   0.00000 ±  0.00000*** (-0.13835)","-"
"ELNL","TG e","S1_MX_L0","   0.00000 ±  0.00000*** (-0.74582)","-"
"ELNL","TG e","S1_L0_L0","   0.00000 ±  0.00000*** (-1.00513)","-"
"ELNL","TG e","SX_SX_SX","   0.00000 ±  0.00000*** (-0.02068)","-"
"ELNL","TG e","SX_SX_M0","   0.00000 ±  0.00000*** (-0.1596)","-"
"ELNL","TG e","SX_SX_M1","   0.00000 ±  0.00000*** (-0.42316)","-"
"ELNL","TG e","SX_SX_MX","   0.00000 ±  0.00000*** (-0.09266)","-"
"ELNL","TG e","SX_SX_L0","   0.00000 ±  0.00000*** (-0.24974)","-"
"ELNL","TG e","SX_M0_M0","   0.00000 ±  0.00000*** (-0.41047)","-"
"ELNL","TG e","SX_M0_M1","   0.00000 ±  0.00000*** (-2.17666)","-"
"ELNL","TG e","SX_M0_MX","   0.00000 ±  0.00000*** (-0.47661)","-"
"ELNL","TG e","SX_M0_L0","   0.00000 ±  0.00000*** (-1.28463)","-"
"ELNL","TG e","SX_M1_M1","   0.00000 ±  0.00000*** (-2.88565)","-"
"ELNL","TG e","SX_M1_MX","   0.00000 ±  0.00000*** (-1.26371)","-"
"ELNL","TG e","SX_M1_L0","   0.00000 ±  0.00000*** (-3.40614)","-"
"ELNL","TG e","SX_MX_MX","   0.00000 ±  0.00000*** (-0.13835)","-"
"ELNL","TG e","SX_MX_L0","   0.00000 ±  0.00000*** (-0.74582)","-"
"ELNL","TG e","SX_L0_L0","   0.00000 ±  0.00000*** (-1.00513)","-"
"ELNL","TG e","M0_M0_M0","   0.00000 ±  0.00000*** (-0.35189)","   0.00000 ±  0.00000*** (-2.54029)"
"ELNL","TG e","M0_M0_M1","   2.63740 ±  2.37719 (4.58322)","   1.20300 ±  0.72977 (2.14638)"
"ELNL","TG e","M0_M0_MX","   0.00000 ±  0.00000*** (-0.6129)","   0.00000 ±  0.00000*** (-2.03996)"
"ELNL","TG e","M0_M0_L0","   0.00000 ±  0.00000*** (-1.65198)","   0.00000 ±  0.00000*** (-5.69059)"
"ELNL","TG e","M0_M1_M1","   0.46760 ±  0.46760 (-3.95124)","   1.46082 ±  0.77582 (6.75971)"
"ELNL","TG e","M0_M1_MX","   0.00000 ±  0.00000*** (-3.25015)","   0.00000 ±  0.00000*** (-5.66042)"
"ELNL","TG e","M0_M1_L0","   2.12846 ±  0.66701 (9.88558)","   1.12192 ±  0.60936 (1.92513)"
"ELNL","TG e","M0_MX_MX","   0.00000 ±  0.00000*** (-0.35583)","   0.00000 ±  0.00000*** (-0.54606)"
"ELNL","TG e","M0_MX_L0","   4.56159 ±  2.70965 (6.83181)","   7.74869 ±  3.46404 (20.56008)"
"ELNL","TG e","M0_L0_L0","   0.00000 ±  0.00000*** (-2.58509)","   0.00000 ±  0.00000*** (-4.24924)"
"ELNL","TG e","M1_M1_M1","   0.00000 ±  0.00000*** (-6.55935)","   0.00000 ±  0.00000*** (-6.78377)"
"ELNL","TG e","M1_M1_MX","   0.00000 ±  0.00000*** (-4.3088)","   0.00000 ±  0.00000*** (-3.92658)"
"ELNL","TG e","M1_M1_L0","   3.78944 ±  0.66492*** (32.39573)","   2.23950 ±  0.88689 (13.57679)"
"ELNL","TG e","M1_MX_MX","   0.00000 ±  0.00000*** (-0.94347)","   0.00000 ±  0.00000*** (-0.75759)"
"ELNL","TG e","M1_MX_L0","   0.00000 ±  0.00000*** (-5.08598)","   0.00000 ±  0.00000*** (-4.2267)"
"ELNL","TG e","M1_L0_L0","   0.00000 ±  0.00000*** (-6.85424)","   0.00000 ±  0.00000*** (-5.89532)"
"ELNL","TG e","MX_MX_MX","   0.00000 ±  0.00000*** (-0.06886)","   0.00000 ±  0.00000*** (-0.04872)"
"ELNL","TG e","MX_MX_L0","   0.00000 ±  0.00000*** (-0.55682)","   0.00000 ±  0.00000*** (-0.40775)"
"ELNL","TG e","MX_L0_L0","   0.00000 ±  0.00000*** (-1.50084)","   0.00000 ±  0.00000*** (-1.13744)"
"ELNL","TG e","L0_L0_L0","   0.00000 ±  0.00000*** (-1.34843)","   0.00000 ±  0.00000*** (-1.05765)"
"ELPL","PC e","S1_S1","   0.00000 ±  0.00000*** (-25)","   0.00000 ±  0.00000*** (-25)"
"ELPL","PC e","S1_L0","   2.00000 ±  0.00000*** (50)","   2.00000 ±  0.00000*** (50)"
"ELPL","PC e","L0_L0","   0.00000 ±  0.00000*** (-25)","   0.00000 ±  0.00000*** (-25)"
"ELPL","PE e","S0_S0","   0.00000 ±  0.00000*** (-6.17561)","   0.00000 ±  0.00000*** (-3.27389)"
"ELPL","PE e","S0_M0","   0.00000 ±  0.00000*** (-1.9496)","   0.00000 ±  0.00000*** (-0.53292)"
"ELPL","PE e","S0_M1","   0.00000 ±  0.00000*** (-4.52263)","   0.00000 ±  0.00000*** (-9.82887)"
"ELPL","PE e","S0_MX","   0.00000 ±  0.00000*** (-7.61904)","   0.00000 ±  0.00000*** (-5.43728)"
"ELPL","PE e","S0_L0","   0.00000 ±  0.00000*** (-8.98669)","   0.00000 ±  0.00000*** (-7.29315)"
"ELPL","PE e","S0_L1","-","-"
"ELPL","PE e","S0_LX","   3.48236 ±  0.07938*** (35.42919)","   5.52673 ±  0.20712*** (29.63999)"
"ELPL","PE e","M0_M0","   0.00000 ±  0.00000*** (-0.15387)","   0.00000 ±  0.00000*** (-0.02169)"
"ELPL","PE e","M0_M1","   0.00000 ±  0.00000*** (-0.71388)","   0.00000 ±  0.00000*** (-0.79997)"
"ELPL","PE e","M0_MX","   0.09522 ±  0.03249*** (-1.08812)","   6.65549 ±  1.62772** (2.50276)"
"ELPL","PE e","M0_L0","   0.00000 ±  0.00000*** (-1.41852)","   0.00000 ±  0.00000*** (-0.59359)"
"ELPL","PE e","M0_L1","-","-"
"ELPL","PE e","M0_LX","   3.43153 ±  0.29887*** (5.47788)","   0.00000 ±  0.00000*** (-0.53292)"
"ELPL","PE e","M1_M1","   7.59715 ±  0.42485*** (5.46258)","   2.78697 ±  0.09574*** (13.18259)"
"ELPL","PE e","M1_MX","   0.00000 ±  0.00000*** (-2.78985)","   0.00000 ±  0.00000*** (-8.16191)"
"ELPL","PE e","M1_L0","   1.70725 ±  0.07526*** (2.32729)","   1.20593 ±  0.03244*** (2.25444)"
"ELPL","PE e","M1_L1","-","-"
"ELPL","PE e","M1_LX","   0.00000 ±  0.00000*** (-5.22609)","   0.00000 ±  0.00000*** (-9.82887)"
"ELPL","PE e","MX_MX","   0.00000 ±  0.00000*** (-2.34996)","   0.00000 ±  0.00000*** (-2.25756)"
"ELPL","PE e","MX_L0","   5.50992 ±  0.13266*** (25.00108)","   4.47556 ±  0.17716*** (21.04883)"
"ELPL","PE e","MX_L1","-","-"
"ELPL","PE e","MX_LX","   0.00000 ±  0.00000*** (-8.80413)","   0.00000 ±  0.00000*** (-5.43728)"
"ELPL","PE e","L0_L0","   0.00000 ±  0.00000*** (-3.26933)","   0.00000 ±  0.00000*** (-4.06169)"
"ELPL","PE e","L0_L1","-","-"
"ELPL","PE e","L0_LX","   0.00000 ±  0.00000*** (-10.3845)","   0.00000 ±  0.00000*** (-7.29315)"
"ELPL","PE e","L1_L1","-","-"
"ELPL","PE e","L1_LX","-","-"
"ELPL","PE e","LX_LX","   0.00000 ±  0.00000*** (-8.24617)","   0.00000 ±  0.00000*** (-3.27389)"
"ELPL","PE p","S0_S0","   0.00000 ±  0.00000*** (-14.18666)","   0.00000 ±  0.00000*** (-17.08041)"
"ELPL","PE p","S0_M0","   0.00000 ±  0.00000*** (-9.29186)","   0.00000 ±  0.00000*** (-7.16763)"
"ELPL","PE p","S0_M1","   0.00000 ±  0.00000*** (-4.84896)","   0.00000 ±  0.00000*** (-5.72979)"
"ELPL","PE p","S0_MX","   0.00000 ±  0.00000*** (-4.4429)","   0.00000 ±  0.00000*** (-1.43784)"
"ELPL","PE p","S0_L0","   2.65497 ±  0.06801*** (18.74039)","   2.41964 ±  0.03554*** (26.51359)"
"ELPL","PE p","S0_LX","   2.65497 ±  0.05570*** (28.21666)","   2.41964 ±  0.05551*** (21.9825)"
"ELPL","PE p","M0_M0","   0.00000 ±  0.00000*** (-1.52148)","   0.00000 ±  0.00000*** (-0.75196)"
"ELPL","PE p","M0_M1","   8.10713 ±  0.17086*** (11.28588)","  11.53197 ±  0.30630*** (12.6618)"
"ELPL","PE p","M0_MX","   8.10713 ±  0.54590*** (10.34079)","  11.53197 ±  0.35208*** (3.17736)"
"ELPL","PE p","M0_L0","   0.00000 ±  0.00000*** (-3.70835)","   0.00000 ±  0.00000*** (-3.91866)"
"ELPL","PE p","M0_LX","   0.00000 ±  0.00000*** (-5.58351)","   0.00000 ±  0.00000*** (-3.24897)"
"ELPL","PE p","M1_M1","   0.00000 ±  0.00000*** (-0.41434)","   0.00000 ±  0.00000*** (-0.48053)"
"ELPL","PE p","M1_MX","   0.00000 ±  0.00000*** (-0.75929)","   0.00000 ±  0.00000*** (-0.24117)"
"ELPL","PE p","M1_L0","   0.00000 ±  0.00000*** (-1.9352)","   0.00000 ±  0.00000*** (-3.13257)"
"ELPL","PE p","M1_LX","   0.00000 ±  0.00000*** (-2.91376)","   0.00000 ±  0.00000*** (-2.59722)"
"ELPL","PE p","MX_MX","   0.00000 ±  0.00000*** (-0.34785)","   0.00000 ±  0.00000*** (-0.03026)"
"ELPL","PE p","MX_L0","   0.00000 ±  0.00000*** (-1.77315)","   0.00000 ±  0.00000*** (-0.78609)"
"ELPL","PE p","MX_LX","   0.00000 ±  0.00000*** (-2.66976)","   0.00000 ±  0.00000*** (-0.65175)"
"ELPL","PE p","L0_L0","   0.00000 ±  0.00000*** (-2.25962)","   0.00000 ±  0.00000*** (-5.10531)"
"ELPL","PE p","L0_LX","   0.00000 ±  0.00000*** (-6.80445)","   0.00000 ±  0.00000*** (-8.46565)"
"ELPL","PE p","LX_LX","   0.00000 ±  0.00000*** (-5.12259)","   0.00000 ±  0.00000*** (-3.50945)"
